image,A,B,C,D
udara.jpeg,0.34925282,0.09003106,0.31592295,0.54311764
